"return_period","chapter3_gev_percent","chapter4_gpd_975_percent"
"1 year",3.82189955719454,4.45171000689641
"5 years",6.31390655433384,7.378266220833
"10 years",7.64467663611657,9.13053137864762
