"parameter","estimate","standard_error"
"mu",0.0275372620838311,0.0024009953933647
"sigma",0.0109113356667131,0.00211022368729407
"xi",0.517644541314002,0.252335088685839
