"parameter","estimate","standard_error"
"mu",0.0134885891037295,0.000449094871272326
"sigma",0.00785631868096592,0.000321506091616865
"xi",0.199941934375256,0.0432973808624244
