"return_period","months","return_level_decimal","return_level_percent"
"1 year",12,0.038218941526797,3.8218941526797
"5 years",60,0.0631389439923742,6.31389439923742
"10 years",120,0.0764466087610572,7.64466087610572
