"pair","angular_probability","radial_threshold","n_radial_extremes","mean_W","median_W","sd_W","angular_balance_mean","angular_balance_median","share_W_between_0_4_and_0_6","share_W_below_0_25","share_W_above_0_75","share_endpoint_heavy","endpoint_asymmetry"
"spy_qqq",0.95,38.0897074336456,301,0.499255212841796,0.495777366588909,0.187188460955461,-0.000744787158203752,-0.00422263341109136,0.365448504983389,0.119601328903654,0.0930232558139535,0.212624584717608,-0.026578073089701
"spy_tlt",0.95,41.2072837787813,301,0.5059384737205,0.43990206140062,0.465859472105429,0.00593847372050049,-0.0600979385993798,0.0299003322259136,0.471760797342193,0.471760797342193,0.943521594684385,0
"spy_vix",0.95,41.9969516616149,301,0.50396197172842,0.464454797552325,0.299415753464459,0.00396197172842028,-0.0355452024476746,0.166112956810631,0.272425249169435,0.292358803986711,0.564784053156146,0.0199335548172758
