"pair","quantile_level","conditional_coexceedance","p_y_extreme_given_x_extreme","p_x_extreme_given_y_extreme","n_joint_exceedances"
"spy_qqq",0.9,0.75249169435216,0.75249169435216,0.75249169435216,453
"spy_qqq",0.95,0.720930232558139,0.720930232558139,0.720930232558139,217
"spy_qqq",0.975,0.682119205298013,0.682119205298013,0.682119205298013,103
"spy_qqq",0.99,0.672131147540984,0.672131147540984,0.672131147540984,41
