"structure_variable","return_period_years","return_level_decimal","return_level_percent"
"max_SPY_VIX",1,0.306723203041134,30.6723203041134
"max_SPY_VIX",5,0.464765526299895,46.4765526299895
"max_SPY_VIX",10,0.544163884266997,54.4163884266997
"min_SPY_VIX",1,0.0463927513612611,4.63927513612611
"min_SPY_VIX",5,0.0785318723672104,7.85318723672104
"min_SPY_VIX",10,0.0977232977393324,9.77232977393324
