"pair","quantile_level","x_threshold","y_threshold","x_threshold_percent","y_threshold_percent","p_x_exceed","p_y_exceed","p_joint_exceed","independence_prediction","joint_to_independence_ratio","p_y_extreme_given_x_extreme","p_x_extreme_given_y_extreme","conditional_coexceedance","n_joint_exceedances"
"spy_qqq",0.9,0.0117494994907401,0.0153368923097008,1.17494994907401,1.53368923097008,0.100099767209844,0.100099767209844,0.075324243431992,0.0100199633954649,7.51741702630214,0.75249169435216,0.75249169435216,0.75249169435216,453
"spy_qqq",0.95,0.0177540268613054,0.0224540843714407,1.77540268613054,2.24540843714407,0.0500498836049219,0.0500498836049219,0.0360824742268041,0.00250499084886623,14.4042339488527,0.720930232558139,0.720930232558139,0.720930232558139,217
"spy_qqq",0.975,0.0243862185019047,0.0294847473353475,2.43862185019047,2.94847473353475,0.0251080811439973,0.0251080811439973,0.0171267043565015,0.000630415738733555,27.1673172229288,0.682119205298013,0.682119205298013,0.682119205298013,103
"spy_qqq",0.99,0.0343534954016116,0.0393693550325356,3.43534954016116,3.93693550325356,0.0101429996674426,0.0101429996674426,0.00681742600598603,0.000102880442253741,66.2655200214996,0.672131147540984,0.672131147540984,0.672131147540984,41
