"pair","quantile_level","x_threshold","y_threshold","x_threshold_percent","y_threshold_percent","p_x_exceed","p_y_exceed","p_joint_exceed","independence_prediction","joint_to_independence_ratio","p_y_extreme_given_x_extreme","p_x_extreme_given_y_extreme","conditional_coexceedance","n_joint_exceedances"
"spy_vix",0.9,0.0117494994907401,0.0801664331537133,1.17494994907401,8.01664331537133,0.100099767209844,0.100099767209844,0.0613568340538743,0.0100199633954649,6.12345890221962,0.612956810631229,0.612956810631229,0.612956810631229,369
"spy_vix",0.95,0.0177540268613054,0.121053241702325,1.77540268613054,12.1053241702325,0.0500498836049219,0.0500498836049219,0.0262720319255072,0.00250499084886623,10.4878754097637,0.524916943521595,0.524916943521595,0.524916943521595,158
"spy_vix",0.975,0.0243862185019047,0.163192946001003,2.43862185019047,16.3192946001003,0.0251080811439973,0.0251080811439973,0.0106418357166611,0.000630415738733555,16.8806631288101,0.423841059602649,0.423841059602649,0.423841059602649,64
"spy_vix",0.99,0.0343534954016116,0.225139893993322,3.43534954016116,22.5139893993322,0.0101429996674426,0.0101429996674426,0.0033255736614566,0.000102880442253741,32.3246439129266,0.327868852459016,0.327868852459016,0.327868852459016,20
