"pair","quantile_level","conditional_coexceedance","p_y_extreme_given_x_extreme","p_x_extreme_given_y_extreme","n_joint_exceedances"
"spy_vix",0.9,0.612956810631229,0.612956810631229,0.612956810631229,369
"spy_vix",0.95,0.524916943521595,0.524916943521595,0.524916943521595,158
"spy_vix",0.975,0.423841059602649,0.423841059602649,0.423841059602649,64
"spy_vix",0.99,0.327868852459016,0.327868852459016,0.327868852459016,20
