"structure_variable","return_period_years","return_level_decimal","return_level_percent"
"max_SPY_TLT",1,0.0485006478318581,4.85006478318581
"max_SPY_TLT",5,0.0801826499374628,8.01826499374627
"max_SPY_TLT",10,0.098885540606345,9.8885540606345
"min_SPY_TLT",1,0.0145575178350567,1.45575178350567
"min_SPY_TLT",5,0.0244948897200451,2.44948897200451
"min_SPY_TLT",10,0.0303204183855856,3.03204183855856
