"pair","quantile_level","conditional_coexceedance","p_y_extreme_given_x_extreme","p_x_extreme_given_y_extreme","n_joint_exceedances"
"spy_tlt",0.9,0.0930232558139535,0.0930232558139535,0.0930232558139535,56
"spy_tlt",0.95,0.0498338870431894,0.0498338870431894,0.0498338870431894,15
"spy_tlt",0.975,0.0397350993377483,0.0397350993377483,0.0397350993377483,6
"spy_tlt",0.99,0.0819672131147541,0.0819672131147541,0.0819672131147541,5
