"pair","quantile_level","x_threshold","y_threshold","x_threshold_percent","y_threshold_percent","p_x_exceed","p_y_exceed","p_joint_exceed","independence_prediction","joint_to_independence_ratio","p_y_extreme_given_x_extreme","p_x_extreme_given_y_extreme","conditional_coexceedance","n_joint_exceedances"
"spy_tlt",0.9,0.0117494994907401,0.0106258494180765,1.17494994907401,1.06258494180765,0.100099767209844,0.100099767209844,0.00931160625207848,0.0100199633954649,0.92930541605501,0.0930232558139535,0.0930232558139535,0.0930232558139535,56
"spy_tlt",0.95,0.0177540268613054,0.0145718506902115,1.77540268613054,1.45718506902115,0.0500498836049219,0.0500498836049219,0.00249418024609245,0.00250499084886623,0.995684374344654,0.0498338870431894,0.0498338870431894,0.0498338870431894,15
"spy_tlt",0.975,0.0243862185019047,0.0180231686739803,2.43862185019047,1.80231686739803,0.0251080811439973,0.0251080811439973,0.00099767209843698,0.000630415738733555,1.58256216832595,0.0397350993377483,0.0397350993377483,0.0397350993377483,6
"spy_tlt",0.99,0.0343534954016116,0.0229385319441926,3.43534954016116,2.29385319441926,0.0101429996674426,0.0101429996674426,0.00083139341536415,0.000102880442253741,8.08116097823166,0.0819672131147541,0.0819672131147541,0.0819672131147541,5
