"structure_variable","return_period_years","return_level_decimal","return_level_percent"
"max_SPY_QQQ",1,0.0535040122085312,5.35040122085312
"max_SPY_QQQ",5,0.0792963284016792,7.92963284016792
"max_SPY_QQQ",10,0.0923474285490392,9.23474285490392
"min_SPY_QQQ",1,0.0429275240637334,4.29275240637334
"min_SPY_QQQ",5,0.0682379334161033,6.82379334161033
"min_SPY_QQQ",10,0.0823301892935393,8.23301892935393
