"model","xi","se_xi"
"Chapter 3 GEV monthly maxima",0.199941934375256,0.043296800663309
"Chapter 4 stationary GPD",0.284083367952821,0.0942532853197433
"Chapter 5 declustered GPD",0.347786176772885,0.11756542091721
"Chapter 6 volatility-dependent GPD",0.120789269873493,0.0849300093299616
