"model","n_parameters","n_observations","nll","AIC","BIC","xi","se_xi","convergence"
"stationary GPD, all exceedances",2,210,-733.116636017494,-1462.23327203499,-1455.53905697355,0.284013526701133,0.0942192570870768,0
"volatility-dependent GPD, all exceedances",3,210,-749.381338964385,-1492.76267792877,-1482.72135533662,0.120829404220529,0.0849351038869566,0
"volatility + time GPD, all exceedances",4,210,-750.807887455942,-1493.61577491188,-1480.22734478901,0.129905943010587,0.0820199197531101,0
