"Estimate","Std. Error","z value","Pr(>|z|)","term"
-4.20061490169498,0.0976936696677465,-42.9978208002745,0,"(Intercept)"
1.0096307245896,0.0613160833330725,16.4660015726254,6.43880399526495e-61,"z_vol"
